<?xml version="1.0"?>
<metadata>
	<mdFileID>{E2C8EF37-3010-4A33-9115-8FD4E6099EC5}</mdFileID>
	<mdLang>
		<languageCode value="en">
		</languageCode>
		<countryCode value="GBR" Sync="TRUE"></countryCode></mdLang>
	<mdChar Sync="TRUE">
		<CharSetCd value="004"/>
	</mdChar>
	<mdParentID></mdParentID>
	<mdHrLv2>dataset</mdHrLv2>
	<mdHrLvName2>Geodatabase feature class</mdHrLvName2>
	<mdDateSt Sync="TRUE">20130710</mdDateSt>
	<mdStanName2>ISO19115:2003</mdStanName2>
	<mdStanVer2>GISCO 1.2.0</mdStanVer2>
	<dataSetURI>Server=crab.cc.cec.eu.int; Service=port:5154; User=giscoread; Version=SDE.DEFAULT</dataSetURI>
	<spatRepInfo>
		<VectSpatRep><geometObjs Name="CNTR_CAPT_PT_2010"><geoObjTyp><GeoObjTypCd value="004" Sync="TRUE"></GeoObjTypCd></geoObjTyp><geoObjCnt Sync="TRUE">0</geoObjCnt></geometObjs><topLvl><TopoLevCd value="001" Sync="TRUE"></TopoLevCd></topLvl></VectSpatRep></spatRepInfo>
	<refSysInfo>
		<refSysId>
			<identCode>GCS_ETRS_1989</identCode>
		</refSysId>
		<RefSystem>
			<refSysID>
				<identCode>GCS_ETRS_1989</identCode>
				<idCodeSpace Sync="TRUE">EPSG</idCodeSpace><idVersion Sync="TRUE">7.4.1</idVersion></refSysID>
		</RefSystem>
	</refSysInfo>
	<dataIdInfo>
		<idCitation>
			<resTitle>Capitals of the World 2010</resTitle>
			<resRefDate>
				<refDate>20101108</refDate>
				<refDateType>
					<DateTypCd value="001"/>
				</refDateType>
			</resRefDate>
			<resRefDate>
				<refDate>20101206</refDate>
				<refDateType>
					<DateTypCd value="003"/>
				</refDateType>
			</resRefDate>
			<resEd>2010</resEd>
			<resEdDate>20111202</resEdDate>
			<citRespParty>
				<rpOrgName>Eurostat GISCO - European Commission</rpOrgName>
				<rpCntInfo>
					<cntPhone>
						<voiceNum>+352 4301 32076</voiceNum>
						<faxNum>+352 4301 32029</faxNum>
					</cntPhone>
					<cntAddress>
						<delPoint>5, rue Alphonse Weicker</delPoint>
						<city>Luxembourg</city>
						<adminArea>Luxembourg</adminArea>
						<postCode>2920</postCode>
						<eMailAdd>estat-gisco@ec.europa.eu</eMailAdd>
						<country>lu</country>
					</cntAddress>
				</rpCntInfo>
				<role>
					<RoleCd value="007"/>
				</role>
			</citRespParty>
			<citRespParty>
				<rpOrgName>Abaco Spa</rpOrgName>
				<rpCntInfo>
					<cntPhone>
						<voiceNum>+39 0376 222 181</voiceNum>
						<faxNum>+39 0376 222 182</faxNum>
					</cntPhone>
					<cntAddress>
						<delPoint>Corso Umberto I, 43</delPoint>
						<city>Mantova</city>
						<postCode>46100</postCode>
						<eMailAdd>info@abacogroup.eu</eMailAdd>
						<country>it</country>
						<adminArea>Mantova</adminArea>
					</cntAddress>
				</rpCntInfo>
				<role>
					<RoleCd value="009"/>
				</role>
			</citRespParty>
			<presForm><PresFormCd Sync="TRUE" value="005"></PresFormCd></presForm><resRefDate><refDateType><DateTypCd value="002"></DateTypCd></refDateType><refDate></refDate></resRefDate><resAltTitle>GISCO.CNTR_CAPT_PT_2010</resAltTitle></idCitation>
		<idAbs>Capital cities of the world on country level

This feature class are points and  the extent covers the entire world.</idAbs>
		<idPurp>The point of capital cities of the world are used mainly for mapping purposes.</idPurp>
		<idStatus>completed</idStatus>
		<resMaint>
			<maintFreq>
				<MaintFreqCd value="010"/>
			</maintFreq>
		</resMaint>
		<descKeys KeyTypCd="002">
			<keyTyp>
				<KeyTypCd value="002"/>
			</keyTyp>
			<keyword>World</keyword>
		</descKeys>
		<spatRpType>
			<spatRepTypCd value="001"/>
			<SpatRepTypCd Sync="TRUE" value="001"></SpatRepTypCd></spatRpType>
		<dataScale>
			<equScale>
				<rfDenom>60000000</rfDenom>
			</equScale>
		</dataScale>
		<dataChar>
			<CharSetCd value="004"/>
		</dataChar>
		<envirDesc Sync="TRUE">Microsoft Windows 7 Version 6.1 (Build 7601) Service Pack 1; ESRI ArcGIS 10.0.5.4400</envirDesc><dataExt><geoEle><GeoBndBox esriExtentType="native"><westBL Sync="TRUE">-176.151564</westBL><eastBL Sync="TRUE">178.686694</eastBL><northBL Sync="TRUE">78.200001</northBL><southBL Sync="TRUE">-51.701004</southBL><exTypeCode Sync="TRUE">1</exTypeCode></GeoBndBox></geoEle><tempEle><TempExtent><exTemp><TM_GeometricPrimitive><TM_Period><begin></begin><end></end></TM_Period></TM_GeometricPrimitive></exTemp></TempExtent></tempEle></dataExt><geoBox esriExtentType="decdegrees"><westBL Sync="TRUE">-176.151564</westBL><eastBL Sync="TRUE">178.686694</eastBL><northBL Sync="TRUE">78.200001</northBL><southBL Sync="TRUE">-51.701004</southBL><exTypeCode Sync="TRUE">1</exTypeCode></geoBox><resConst><LegConsts><accessConsts><RestrictCd value="001"></RestrictCd></accessConsts></LegConsts></resConst><resConst><LegConsts><useConsts><RestrictCd value="001"></RestrictCd></useConsts></LegConsts></resConst><dataLang><languageCode value="en"></languageCode><countryCode value="GBR" Sync="TRUE"></countryCode></dataLang><tpCat><TopicCatCd value="03"></TopicCatCd></tpCat><descKeys KeyTypCd="005"><keyTyp><KeyTypCd value="005"></KeyTypCd></keyTyp><keyword>Countries</keyword></descKeys><descKeys KeyTypCd="005"><keyTyp><KeyTypCd value="005"></KeyTypCd></keyTyp><thesaName><resTitle>Directive 20007/.../EC/ of the European parliament and of the Council of establishing an Infrastructure for Spatial Information in the European Community (INSPIRE)</resTitle><resRefDate><refDate></refDate><refDateType><DateTypCd value=""></DateTypCd></refDateType></resRefDate></thesaName><keyword>Administrative Units</keyword></descKeys><idPoC Sync="TRUE"><rpOrgName Sync="TRUE">Eurostat GISCO - European Commission</rpOrgName><rpCntInfo><cntPhone><voiceNum Sync="TRUE">+352 4301 32076</voiceNum><faxNum Sync="TRUE">+352 4301 32029</faxNum></cntPhone><cntAddress><delPoint Sync="TRUE">5, rue Alphonse Weicker</delPoint><city Sync="TRUE">Luxembourg</city><adminArea Sync="TRUE">Luxembourg</adminArea><postCode Sync="TRUE">2920</postCode><country Sync="TRUE">lu</country><eMailAdd Sync="TRUE">estat-gisco@ec.europa.eu</eMailAdd></cntAddress></rpCntInfo><role><RoleCd Sync="TRUE" value="007"></RoleCd></role></idPoC></dataIdInfo>
	<distInfo>
		<distributor>
			<distorCont>
				<rpOrgName>Eurostat GISCO - European Commission</rpOrgName>
				<rpCntInfo>
					<cntPhone>
						<voiceNum>+352 4301 32076</voiceNum>
						<faxNum>+352 4301 32029</faxNum>
					</cntPhone>
					<cntAddress>
						<delPoint>5, rue Alphonse Weicker</delPoint>
						<city>Luxembourg</city>
						<adminArea>Luxembourg</adminArea>
						<postCode>2920</postCode>
						<eMailAdd>estat-gisco@ec.europa.eu</eMailAdd>
						<country>lu</country>
					</cntAddress>
				</rpCntInfo>
				<role>
					<RoleCd value="005"/>
				</role>
			</distorCont>
			<distorFormat>
				<formatName Sync="TRUE">File Geodatabase Feature Class</formatName>
				<formatVer>9.3.1</formatVer>
			</distorFormat>
			<distorTran>
				<offLineMed>
				</offLineMed>
				<onLineSrc><linkage>file://\\ABACOPORT-PC\C\Condivisa\work\EUROSTAT\work\SC3\ACT_2\work\SC3_A2_GENERALISATION.gdb</linkage><orDesc Sync="TRUE">002</orDesc><protocol Sync="TRUE">Local Area Network</protocol></onLineSrc></distorTran>
		</distributor>
		<distFormat><formatName Sync="TRUE">Shapefile</formatName></distFormat><distTranOps><transSize Sync="TRUE">0.000</transSize></distTranOps></distInfo>
	<dqInfo>
		<dataLineage>
			<statement>This dataset (together with the other datasets: NUTS_2010, COMM_2010 and COAS_2010) is based on geometry of EBM 2010 of EuroGeographics on commune level with a resolution of 30m (scale 1:100.000) and GRO SCOTLAND DATA data  enriched with some other datasources like  Gaul 2010  country data, Turkish features from GISCO data 2006 and Esri dataset for the Capitals of the World.
This resulted in a common repository of geometry of which the different datasets were derived. The different scale levels were derived of generalisations of the common repository on 100K scale. This means that within each scale level the feature classes of all these datasets: COMM_2010, NUTS_2010, CNTR_2010 and COAS_2010, are fully coherent and compliant.

In addition to the region and boundary feature classes there is also 1 label feature class which is scale independent and 1 point feature class about the Capitals of the World, data source from Esri datasets. For each CNTR in the region feature class there is exactly 1 label .
For EU27 the accuracy is up to scale 1/100.000 but for the rest of the world the scale level is 1/1.000.000.
The extent of this feature class is the world.</statement>
			<prcStep>
				<description>The Capitals of the World feature class were based in the Esri dataset.
 Here only the process steps after  creation of the common repository are briefly described
Step 1: Once the dataset CNTR_2010 was ready, was loaded the shape files Cities.shp in the feature class CNTR_CAPT_PT_2010
Step 2:  Attribute manipulation to match the new structure;
Step 3: Correct the location of the cities;
Step 4: Topology correction
Step 5: adding metadata
</description>
			</prcStep>
			<dataSource>
				<srcDesc>(i) Eurogeographics EBM v5.0. and GRO SCOTLAND DATA data  (scale 1:100K) 
(ii) GAUL 2008 country level data
(iii) TR for the Turkish features FROM GISCO data 2006
(v) VLIZ Maritime Boundaries Geodatabase Economic Exclusive Zones (EEZ)
(vi) ArcWorld ESRI Data (Capitals of the World)
</srcDesc>
			</dataSource>
		</dataLineage>
		<DQConcConsis>
			<measName>Completeness of Dataset</measName>
			<measId>
				<identAuth>
					<resTitle></resTitle>
					<resRefDate>
					</resRefDate>
				</identAuth>
				<identCode></identCode>
			</measId>
			<measDesc>All feature classes, attribute tables and relationship classes should be present</measDesc>
			<evalMethType></evalMethType>
			<evalMethDesc>Re-application of schema to dataset</evalMethDesc>
			<evalProc>
				<resTitle></resTitle>
				<resRefDate>
				</resRefDate>
			</evalProc>
			<measDateTm>20101201</measDateTm>
			<ConResult>
				<conExpl>All feature classes, attribute tables and relationship classes are present</conExpl>
				<conPass>false</conPass>
				<conSpec><resTitle></resTitle><resRefDate><refDateType><DateTypCd value="[invalid date type]"></DateTypCd></refDateType><refDate></refDate></resRefDate></conSpec></ConResult>
		</DQConcConsis>
		<DQDomConsis>
			<measName>Referential Integrity of Dataset</measName>
			<measId>
				<identAuth>
					<resTitle></resTitle>
					<resRefDate>
					</resRefDate>
				</identAuth>
				<identCode></identCode>
			</measId>
			<measDesc>The integrity and cardinality of the relationships (conceptual and implemented) was checked by enforcing primary and foreign key integrity constraints in Oracle. The constraints referencing coded value domain tables were a test of domain consistency.</measDesc>
			<evalMethType></evalMethType>
			<evalMethDesc>Errors will show during creation of integrity constraints in Oracle. Constraints will not be applicable in case of violations to the consistency.</evalMethDesc>
			<evalProc>
				<resTitle></resTitle>
				<resRefDate>
				</resRefDate>
			</evalProc>
			<measDateTm>20111201</measDateTm>
			<ConResult>
				<conExpl>No errors occurred, so the integrity of all primary and foreign keys was confirmed. All the values of each coded value attribute are compliant to the domains (except for any NULL values). The cardinality can only be confirmed where it is strict enough for this test to detect errors.</conExpl>
				<conPass>false</conPass>
				<conSpec><resTitle></resTitle><resRefDate><refDateType><DateTypCd value="[invalid date type]"></DateTypCd></refDateType><refDate></refDate></resRefDate></conSpec></ConResult>
		</DQDomConsis>
		<DQTopConsis>
			<measName>Consistency of CNTR Capitals of the World</measName>
			<measId>
				<identAuth>
					<resTitle></resTitle>
					<resRefDate>
					</resRefDate>
				</identAuth>
				<identCode></identCode>
			</measId>
			<measDesc>CNTR_CAPT_PT_2010 must be properly inside a polygon in  CNTR_RG_nnM_2010</measDesc>
			<evalMethType></evalMethType>
			<evalMethDesc>Topology rule validation</evalMethDesc>
			<evalProc>
				<resTitle></resTitle>
				<resRefDate>
				</resRefDate>
			</evalProc>
			<measDateTm>20111201</measDateTm>
			<ConResult>
				<conExpl>No real topology errors identified. See QC report.</conExpl>
				<conPass>true</conPass>
				<conSpec><resTitle></resTitle><resRefDate><refDateType><DateTypCd value="[invalid date type]"></DateTypCd></refDateType><refDate></refDate></resRefDate></conSpec></ConResult>
		</DQTopConsis>
		<dqScope><scpLvl>dataset</scpLvl></dqScope></dqInfo>
	<MdCoRefSys>
		<ellipsoid>
			<identCode>Geodetic Reference System 80</identCode>
		</ellipsoid>
		<datum>
			<identCode>D_ETRS_1989</identCode>
		</datum>
		<ellParas>
			<axisUnits>Degrees</axisUnits>
			<semiMajAx>6378137.000000</semiMajAx>
			<denFlatRat>298.257222</denFlatRat>
		</ellParas>
	</MdCoRefSys>
	<eainfo>
		<detailed Name="CNTR_CAPT_PT_2010">
			<enttyp>
				<enttypl>CNTR_CAPT_PT_2010</enttypl>
				<enttypd>Capitals Cities of the world version 2010</enttypd>
				<enttypt Sync="TRUE">Feature Class</enttypt><enttypc Sync="TRUE">0</enttypc></enttyp>
			<attr><attrlabl Sync="TRUE">FID</attrlabl><attalias Sync="TRUE">FID</attalias><attrtype Sync="TRUE">OID</attrtype><attwidth Sync="TRUE">4</attwidth><atprecis Sync="TRUE">0</atprecis><attscale Sync="TRUE">0</attscale><attrdef Sync="TRUE">Internal feature number.</attrdef><attrdefs Sync="TRUE">ESRI</attrdefs><attrdomv><udom Sync="TRUE">Sequential unique whole numbers that are automatically generated.</udom></attrdomv></attr><attr>
				<attrtype Sync="TRUE">Geometry</attrtype>
				<attrlabl>SHAPE</attrlabl>
				<attrdef>Feature geometry.</attrdef>
				<attrdefs>ESRI</attrdefs>
				<attwidth Sync="TRUE">0</attwidth>
				<atprecis Sync="TRUE">0</atprecis>
				<attscale Sync="TRUE">0</attscale>
				<attalias Sync="TRUE">Shape</attalias><attrdomv><udom Sync="TRUE">Coordinates defining the features.</udom></attrdomv></attr>
			<attr><attrlabl Sync="TRUE">CNTR_ID</attrlabl><attalias Sync="TRUE">CNTR_ID</attalias><attrtype Sync="TRUE">String</attrtype><attwidth Sync="TRUE">2</attwidth><atprecis Sync="TRUE">0</atprecis><attscale Sync="TRUE">0</attscale></attr><attr><attrlabl Sync="TRUE">CAPT_NAME</attrlabl><attalias Sync="TRUE">CAPT_NAME</attalias><attrtype Sync="TRUE">String</attrtype><attwidth Sync="TRUE">254</attwidth><atprecis Sync="TRUE">0</atprecis><attscale Sync="TRUE">0</attscale></attr><attr><attrlabl Sync="TRUE">NAME_LATN</attrlabl><attalias Sync="TRUE">NAME_LATN</attalias><attrtype Sync="TRUE">String</attrtype><attwidth Sync="TRUE">254</attwidth><atprecis Sync="TRUE">0</atprecis><attscale Sync="TRUE">0</attscale></attr><attr><attrlabl Sync="TRUE">NAME_ASCI</attrlabl><attalias Sync="TRUE">NAME_ASCI</attalias><attrtype Sync="TRUE">String</attrtype><attwidth Sync="TRUE">254</attwidth><atprecis Sync="TRUE">0</atprecis><attscale Sync="TRUE">0</attscale></attr><attr><attrlabl Sync="TRUE">NAME_HTML</attrlabl><attalias Sync="TRUE">NAME_HTML</attalias><attrtype Sync="TRUE">String</attrtype><attwidth Sync="TRUE">254</attwidth><atprecis Sync="TRUE">0</atprecis><attscale Sync="TRUE">0</attscale></attr><attr><attrlabl Sync="TRUE">NAME_ENGL</attrlabl><attalias Sync="TRUE">NAME_ENGL</attalias><attrtype Sync="TRUE">String</attrtype><attwidth Sync="TRUE">254</attwidth><atprecis Sync="TRUE">0</atprecis><attscale Sync="TRUE">0</attscale></attr><attr><attrlabl Sync="TRUE">LAT</attrlabl><attalias Sync="TRUE">LAT</attalias><attrtype Sync="TRUE">Double</attrtype><attwidth Sync="TRUE">19</attwidth><atprecis Sync="TRUE">18</atprecis><attscale Sync="TRUE">8</attscale></attr><attr><attrlabl Sync="TRUE">LON</attrlabl><attalias Sync="TRUE">LON</attalias><attrtype Sync="TRUE">Double</attrtype><attwidth Sync="TRUE">19</attwidth><atprecis Sync="TRUE">18</atprecis><attscale Sync="TRUE">8</attscale></attr></detailed>
	</eainfo>
	<idinfo><native Sync="TRUE">Microsoft Windows Vista Version 6.1 (Build 7601) Service Pack 1; ESRI ArcCatalog 9.3.1.4000</native><descript><langdata Sync="TRUE">en</langdata><abstract>REQUIRED: A brief narrative summary of the data set.</abstract><purpose>REQUIRED: A summary of the intentions with which the data set was developed.</purpose></descript><citation><citeinfo><title Sync="TRUE">CNTR_CAPT_PT_2010</title><ftname Sync="TRUE">CNTR_CAPT_PT_2010</ftname><geoform Sync="TRUE">vector digital data</geoform><onlink Sync="TRUE">\\ABACOPORT-PC\C\Condivisa\work\EUROSTAT\work\SC3\ACT_2\work\SC3_A2_GENERALISATION.gdb</onlink><origin>REQUIRED: The name of an organization or individual that developed the data set.</origin><pubdate>REQUIRED: The date when the data set is published or otherwise made available for release.</pubdate></citeinfo></citation><natvform Sync="TRUE">File Geodatabase Feature Class</natvform><spdom><lboundng><leftbc Sync="TRUE">-176.151564</leftbc><rightbc Sync="TRUE">178.686694</rightbc><bottombc Sync="TRUE">-51.701004</bottombc><topbc Sync="TRUE">78.200001</topbc></lboundng><bounding><westbc Sync="TRUE">-176.151564</westbc><eastbc Sync="TRUE">178.686694</eastbc><northbc Sync="TRUE">78.200001</northbc><southbc Sync="TRUE">-51.701004</southbc></bounding></spdom><timeperd><current>REQUIRED: The basis on which the time period of content information is determined.</current><timeinfo><sngdate><caldate>REQUIRED: The year (and optionally month, or month and day) for which the data set corresponds to the ground.</caldate></sngdate></timeinfo></timeperd><status><progress>REQUIRED: The state of the data set.</progress><update>REQUIRED: The frequency with which changes and additions are made to the data set after the initial data set is completed.</update></status><keywords><theme><themekt>REQUIRED: Reference to a formally registered thesaurus or a similar authoritative source of theme keywords.</themekt><themekey>REQUIRED: Common-use word or phrase used to describe the subject of the data set.</themekey></theme></keywords><accconst>REQUIRED: Restrictions and legal prerequisites for accessing the data set.</accconst><useconst>REQUIRED: Restrictions and legal prerequisites for using the data set after access is granted.</useconst></idinfo><metainfo><langmeta Sync="TRUE">en</langmeta><metstdn Sync="TRUE">FGDC Content Standards for Digital Geospatial Metadata</metstdn><metstdv Sync="TRUE">FGDC-STD-001-1998</metstdv><mettc Sync="TRUE">local time</mettc><metd Sync="TRUE">20111215</metd><metc><cntinfo><cntorgp><cntper>REQUIRED: The person responsible for the metadata information.</cntper><cntorg>REQUIRED: The organization responsible for the metadata information.</cntorg></cntorgp><cntaddr><addrtype>REQUIRED: The mailing and/or physical address for the organization or individual.</addrtype><city>REQUIRED: The city of the address.</city><state>REQUIRED: The state or province of the address.</state><postal>REQUIRED: The ZIP or other postal code of the address.</postal></cntaddr><cntvoice>REQUIRED: The telephone number by which individuals can speak to the organization or individual.</cntvoice></cntinfo></metc></metainfo><mdStanName Sync="TRUE">ISO 19115 Geographic Information - Metadata</mdStanName><mdStanVer Sync="TRUE">DIS_ESRI1.0</mdStanVer><mdHrLv><ScopeCd Sync="TRUE" value="005"></ScopeCd></mdHrLv><mdHrLvName Sync="TRUE">dataset</mdHrLvName><distinfo><resdesc Sync="TRUE">Downloadable Data</resdesc></distinfo><spdoinfo><direct Sync="TRUE">Vector</direct><ptvctinf><esriterm><efeatyp Sync="TRUE">Simple</efeatyp><efeageom code="1" Sync="TRUE"></efeageom><esritopo Sync="TRUE">FALSE</esritopo><efeacnt Sync="TRUE">0</efeacnt><spindex Sync="TRUE">FALSE</spindex><linrefer Sync="TRUE">FALSE</linrefer></esriterm></ptvctinf></spdoinfo><spref><horizsys><cordsysn><geogcsn Sync="TRUE">GCS_ETRS_1989</geogcsn></cordsysn><geograph><geogunit Sync="TRUE">Decimal degrees</geogunit><latres Sync="TRUE">0.000000</latres><longres Sync="TRUE">0.000000</longres></geograph><geodetic><horizdn Sync="TRUE">D_ETRS_1989</horizdn><ellips Sync="TRUE">Geodetic Reference System 80</ellips><semiaxis Sync="TRUE">6378137.000000</semiaxis><denflat Sync="TRUE">298.257222</denflat></geodetic></horizsys><vertdef><altsys><altenc Sync="TRUE">Explicit elevation coordinate included with horizontal coordinates</altenc><altres Sync="TRUE">0.000100</altres></altsys></vertdef></spref><Esri><SyncDate>20130710</SyncDate><SyncTime>17251700</SyncTime><ModDate>20130710</ModDate><ModTime>17251700</ModTime><CreaDate>20111222</CreaDate><CreaTime>11481700</CreaTime><SyncOnce>FALSE</SyncOnce><DataProperties><lineage><Process Name="Add Spatial Index" ToolSource="D:\Program Files\ArcGIS\ArcToolbox\Toolboxes\Data Management Tools.tbx\AddSpatialIndex" Date="20090311" Time="173512">AddSpatialIndex "Database Connections\GISCO PROD.sde\GISCO.CNTR_2006\GISCO.CNTR_BN_100K_2006" 34 136 0 "Database Connections\GISCO PROD.sde\GISCO.CNTR_2006\GISCO.CNTR_BN_100K_2006"</Process><Process Name="Metadata Importer" ToolSource="D:\Program Files\ArcGIS\ArcToolbox\Toolboxes\Conversion Tools.tbx\MetadataImporter" Date="20091201" Time="183550">MetadataImporter X:\20091117_FULL_PROD_BeforeUpgradeToC5_NoRaster\20091117_PROD.gdb\CNTR_2006\CNTR_BN_100K_2006 "Database Connections\GISCO PROD.sde\GISCO.CNTR_2006\GISCO.CNTR_BN_100K_2006" "Database Connections\GISCO PROD.sde\GISCO.CNTR_2006\GISCO.CNTR_BN_100K_2006"</Process><Process Name="Delete Rows" ToolSource="D:\Program Files\ArcGIS\Desktop10.0\ArcToolbox\Toolboxes\Data Management Tools.tbx\DeleteRows" Date="20120425" Time="101112">DeleteRows \\s-troi\connection-files\PROD\PROD-DIRECT-GISCO.sde\GISCO.CNTR_2010\GISCO.CNTR_CAPT_PT_2010</Process><Process Name="Append (13)" ToolSource="D:\Program Files\ArcGIS\Desktop10.0\ArcToolbox\Toolboxes\Data Management Tools.tbx\Append" Date="20120425" Time="102017">Append 'J:\users\diegoce\Specific convention\Specific convention 08\02 AB generalisatons\Final delivery v1.2\SC3_A2_GENERALISATION(Final).gdb\CNTR_2010\CNTR_CAPT_PT_2010' \\s-troi\connection-files\PROD\PROD-DIRECT-GISCO.sde\GISCO.CNTR_2010\GISCO.CNTR_CAPT_PT_2010 TEST # #</Process><Process Name="Delete Features" ToolSource="C:\Program Files (x86)\ArcGIS\Desktop10.0\ArcToolbox\Toolboxes\Data Management Tools.tbx\DeleteFeatures" Date="20121128" Time="094927">DeleteFeatures Z:\webapp\mapservices\Maps\connection-files\PROD\PROD-DIRECT-GISCO_11g.sde\GISCO.CNTR_2010\GISCO.CNTR_CAPT_PT_2010</Process><Process Name="Append" ToolSource="C:\Program Files (x86)\ArcGIS\Desktop10.0\ArcToolbox\Toolboxes\Data Management Tools.tbx\Append" Date="20121128" Time="095439">Append 'J:\users\diegoce\Specific convention\Specific convention 08\02 AB generalisatons\Final delivery v1.3\SC3_A2_GENERALISATION(12_09_2012).gdb\CNTR_2010\CNTR_CAPT_PT_2010' Z:\webapp\mapservices\Maps\connection-files\PROD\PROD-DIRECT-GISCO_11g.sde\GISCO.CNTR_2010\GISCO.CNTR_CAPT_PT_2010 TEST # #</Process><Process Name="Delete Features" ToolSource="C:\Program Files (x86)\ArcGIS\Desktop10.0\ArcToolbox\Toolboxes\Data Management Tools.tbx\DeleteFeatures" Date="20130603" Time="180757">DeleteFeatures Z:\webapp\mapservices\Maps\connection-files\PROD\PROD-DIRECT-GISCO_11g.sde\GISCO.CNTR_2010\GISCO.CNTR_CAPT_PT_2010</Process><Process Name="Append" ToolSource="C:\Program Files (x86)\ArcGIS\Desktop10.0\ArcToolbox\Toolboxes\Data Management Tools.tbx\Append" Date="20130603" Time="180804">Append J:\develop\Database-Updates\NUTS.gdb\CNTR_2010\CNTR_CAPT_PT_2010 Z:\webapp\mapservices\Maps\connection-files\PROD\PROD-DIRECT-GISCO_11g.sde\GISCO.CNTR_2010\GISCO.CNTR_CAPT_PT_2010 TEST # #</Process><Process Name="Delete Features" ToolSource="C:\Program Files (x86)\ArcGIS\Desktop10.0\ArcToolbox\Toolboxes\Data Management Tools.tbx\DeleteFeatures" Date="20130705" Time="105149">DeleteFeatures Z:\webapp\mapservices\Maps\connection-files\PROD\PROD-DIRECT-GISCO_11g.sde\GISCO.CNTR_2010\GISCO.CNTR_CAPT_PT_2010</Process><Process Name="Append" ToolSource="C:\Program Files (x86)\ArcGIS\Desktop10.0\ArcToolbox\Toolboxes\Data Management Tools.tbx\Append" Date="20130705" Time="105153">Append J:\develop\Database-Updates\Croatia_acsession\Country.gdb\CNTR_2010\CNTR_CAPT_PT_2010 Z:\webapp\mapservices\Maps\connection-files\PROD\PROD-DIRECT-GISCO_11g.sde\GISCO.CNTR_2010\GISCO.CNTR_CAPT_PT_2010 TEST # #</Process><Process ToolSource="c:\program files (x86)\arcgis\desktop10.0\ArcToolbox\Toolboxes\Data Management Tools.tbx\CopyFeatures" Date="20130710" Time="172518">CopyFeatures \\s-troi\connection-files\PROD\PROD-DIRECT-GISCOVIEW-ARCESTP-11g.sde\GISCO.CNTR_2010\GISCO.CNTR_CAPT_PT_2010 "J:\users\rasmujn\Data extract\CNTR_2010_60M_SH\Data\CNTR_CAPT_PT_2010.shp" # 0 0 0</Process></lineage><itemProps><itemLocation><linkage Sync="TRUE">file://\\s-sisko\gisco\users\rasmujn\Data extract\CNTR_2010_60M_SH\Data\CNTR_CAPT_PT_2010.shp</linkage><protocol Sync="TRUE">Local Area Network</protocol></itemLocation><itemName Sync="TRUE">CNTR_CAPT_PT_2010</itemName><imsContentType Sync="TRUE">002</imsContentType><itemSize Sync="TRUE">0.000</itemSize></itemProps><coordRef><type Sync="TRUE">Geographic</type><geogcsn Sync="TRUE">GCS_ETRS_1989</geogcsn><csUnits Sync="TRUE">Angular Unit: Degree (0.017453)</csUnits><peXml Sync="TRUE">&lt;GeographicCoordinateSystem xsi:type='typens:GeographicCoordinateSystem' xmlns:xsi='http://www.w3.org/2001/XMLSchema-instance' xmlns:xs='http://www.w3.org/2001/XMLSchema' xmlns:typens='http://www.esri.com/schemas/ArcGIS/10.0'&gt;&lt;WKT&gt;GEOGCS[&amp;quot;GCS_ETRS_1989&amp;quot;,DATUM[&amp;quot;D_ETRS_1989&amp;quot;,SPHEROID[&amp;quot;GRS_1980&amp;quot;,6378137.0,298.257222101]],PRIMEM[&amp;quot;Greenwich&amp;quot;,0.0],UNIT[&amp;quot;Degree&amp;quot;,0.0174532925199433],AUTHORITY[&amp;quot;EPSG&amp;quot;,4258]]&lt;/WKT&gt;&lt;XOrigin&gt;-399.99999999999989&lt;/XOrigin&gt;&lt;YOrigin&gt;-399.99999999999989&lt;/YOrigin&gt;&lt;XYScale&gt;11258999068426.24&lt;/XYScale&gt;&lt;ZOrigin&gt;-100000&lt;/ZOrigin&gt;&lt;ZScale&gt;10000&lt;/ZScale&gt;&lt;MOrigin&gt;-100000&lt;/MOrigin&gt;&lt;MScale&gt;10000&lt;/MScale&gt;&lt;XYTolerance&gt;8.9831528411952117e-009&lt;/XYTolerance&gt;&lt;ZTolerance&gt;0.001&lt;/ZTolerance&gt;&lt;MTolerance&gt;0.001&lt;/MTolerance&gt;&lt;HighPrecision&gt;true&lt;/HighPrecision&gt;&lt;LeftLongitude&gt;-180&lt;/LeftLongitude&gt;&lt;WKID&gt;4258&lt;/WKID&gt;&lt;/GeographicCoordinateSystem&gt;</peXml></coordRef></DataProperties><PublishStatus>Published</PublishStatus><ArcGISFormat>1.0</ArcGISFormat><ArcGISstyle>INSPIRE Metadata Directive</ArcGISstyle></Esri><dataqual><lineage><procstep><procdesc Sync="TRUE">Metadata imported.</procdesc><srcused Sync="TRUE">J:\develop\metadata\GISCO.CNTR_2006.GISCO.CNTR_BN_100K_2006.xml</srcused><date Sync="TRUE">20081205</date><time Sync="TRUE">12083400</time></procstep><procstep><procdesc Sync="TRUE">Metadata imported.</procdesc><srcused Sync="TRUE">J:\develop\metadata\20090113-DEV-UpdatedNUTS2006\GISCO.CNTR_2006.GISCO.CNTR_BN_100K_2006.xml</srcused><date Sync="TRUE">20090113</date><time Sync="TRUE">15563400</time></procstep><procstep><procdesc Sync="TRUE">Dataset copied.</procdesc><srcused Sync="TRUE">Server=anteater.cc.cec.eu.int; Service=port:5153; User=gisco; Version=SDE.DEFAULT</srcused><procdate Sync="TRUE">20090304</procdate><proctime Sync="TRUE">14164800</proctime></procstep><procstep><procdesc Sync="TRUE">Dataset copied.</procdesc><srcused Sync="TRUE">\\D02DI0616275\E\WorkSpace\GISCODBBackups\20090304_FULL_PROD_BeforeReinstallation_RasterIncluded\20090304_PROD.gdb</srcused><procdate Sync="TRUE">20090309</procdate><proctime Sync="TRUE">13242000</proctime></procstep><procstep><procdesc Sync="TRUE">Dataset copied.</procdesc><srcused Sync="TRUE">Server=anteater.cc.cec.eu.int; Service=port:5153; User=gisco; Version=SDE.DEFAULT</srcused><procdate Sync="TRUE">20091117</procdate><proctime Sync="TRUE">11044400</proctime></procstep><procstep><procdesc Sync="TRUE">Dataset copied.</procdesc><srcused Sync="TRUE">Service=sde:oracle10g; User=gisco; Version=SDE.DEFAULT</srcused><procdate Sync="TRUE">20100210</procdate><proctime Sync="TRUE">09205000</proctime></procstep><procstep><procdesc Sync="TRUE">Metadata imported.</procdesc><srcused Sync="TRUE">C:\Condivisa\work\EUROSTAT\work\SC3\ACT_2\docs\TASKDESCRIPTION\metadati\final\SC3ACT2\CNTR_BN_01M_2010.xml</srcused><procdate Sync="TRUE">20111205</procdate><proctime Sync="TRUE">16275600</proctime></procstep><procstep><procdesc Sync="TRUE">Metadata imported.</procdesc><srcused Sync="TRUE">C:\Condivisa\work\EUROSTAT\work\SC3\ACT_2\docs\TASKDESCRIPTION\metadati\final\New\CNTR_BN_01M_2010.xml</srcused><procdate Sync="TRUE">20111206</procdate><proctime Sync="TRUE">09593700</proctime></procstep><procstep><procdesc Sync="TRUE">Metadata imported.</procdesc><srcused Sync="TRUE">C:\Condivisa\work\EUROSTAT\work\SC3\ACT_2\docs\TASKDESCRIPTION\metadati\final\New\CNTR_BN_01M_2010.xml</srcused><procdate Sync="TRUE">20111206</procdate><proctime Sync="TRUE">12375800</proctime></procstep><procstep><procdesc Sync="TRUE">Metadata imported.</procdesc><srcused Sync="TRUE">C:\Condivisa\work\EUROSTAT\work\SC3\ACT_2\docs\TASKDESCRIPTION\metadati\final\New\CNTR_BN_03M_2010.xml</srcused><procdate Sync="TRUE">20111206</procdate><proctime Sync="TRUE">12532500</proctime></procstep><procstep><procdesc Sync="TRUE">Metadata imported.</procdesc><srcused Sync="TRUE">C:\Condivisa\work\EUROSTAT\work\SC3\ACT_2\docs\TASKDESCRIPTION\metadati\final\New\CNTR_BN_100K_2010.xml</srcused><procdate Sync="TRUE">20111206</procdate><proctime Sync="TRUE">14570000</proctime></procstep><procstep><procdesc Sync="TRUE">Metadata imported.</procdesc><srcused Sync="TRUE">C:\Condivisa\work\EUROSTAT\work\SC3\ACT_2\docs\TASKDESCRIPTION\metadati\final\New\CNTR_BN_10M_2010.xml</srcused><procdate Sync="TRUE">20111206</procdate><proctime Sync="TRUE">15471600</proctime></procstep><procstep><procdesc Sync="TRUE">Metadata imported.</procdesc><srcused Sync="TRUE">C:\Condivisa\work\EUROSTAT\work\SC3\ACT_2\docs\TASKDESCRIPTION\metadati\final\New\CNTR_BN_20M_2010.xml</srcused><procdate Sync="TRUE">20111206</procdate><proctime Sync="TRUE">16130900</proctime></procstep></lineage></dataqual><editorCustomization version="v1.1"></editorCustomization><mdResourceType></mdResourceType><mdURI></mdURI></metadata>
