<metadata xml:lang="en"><Esri><CreaDate>20140924</CreaDate><CreaTime>17110100</CreaTime><ArcGISFormat>1.0</ArcGISFormat><ArcGISstyle>INSPIRE Metadata Directive</ArcGISstyle><SyncOnce>FALSE</SyncOnce><DataProperties><lineage><Process ToolSource="D:\ProgramFiles\ArcGIS\Desktop10.0\ArcToolbox\Toolboxes\Data Management Tools.tbx\ChangePrivileges" Date="20120817" Time="111456" Name="" export="">ChangePrivileges 'Database Connections\regio-prod.sde\GISREGIO.URAU_2011_PT';'Database Connections\regio-prod.sde\GISREGIO.URAU_2011_RG' GISREGIOREAD GRANT #</Process><Process ToolSource="C:\Program Files (x86)\ArcGIS\Desktop10.0\ArcToolbox\Toolboxes\Data Management Tools.tbx\CalculateField" Date="20121205" Time="100006" Name="" export="">CalculateField GISREGIO.URAU_2011_RG URAU_CATG "L" VB #</Process><Process ToolSource="C:\Program Files (x86)\ArcGIS\Desktop10.0\ArcToolbox\Toolboxes\Data Management Tools.tbx\CalculateField" Date="20130114" Time="083449" Name="" export="">CalculateField GISREGIO.URAU_2011_RG URAU_CATG "L" VB #</Process><Process ToolSource="C:\Program Files (x86)\ArcGIS\Desktop10.0\ArcToolbox\Toolboxes\Data Management Tools.tbx\CalculateField" Date="20130114" Time="084149" Name="" export="">CalculateField GISREGIO.URAU_2011_RG URAU_CATG "T" VB #</Process><Process ToolSource="C:\Program Files (x86)\ArcGIS\Desktop10.0\ArcToolbox\Toolboxes\Data Management Tools.tbx\ChangePrivileges" Date="20130403" Time="160153" Name="" export="">ChangePrivileges 'Database Connections\GISREGIO_DIGIT_[gisregio].sde\GISREGIO.URAU_2011_RG' gisregioread GRANT #</Process><Process ToolSource="C:\Program Files (x86)\ArcGIS\Desktop10.0\ArcToolbox\Toolboxes\Data Management Tools.tbx\Append" Date="20140121" Time="154921">Append NL_CITIES GISREGIO.URAU_2011_RG NO_TEST "URAU_CODE_2011 "URAU_CODE_2011" true false false 50 Text 0 0 ,First,#;URAU_CATG "URAU_CATG" true false false 50 Text 0 0 ,First,#;SHAPE.AREA "SHAPE.AREA" false false true 0 Double 0 0 ,First,#;SHAPE.LEN "SHAPE.LEN" false false true 0 Double 0 0 ,First,#" #</Process><Process ToolSource="c:\program files (x86)\arcgis\desktop10.0\ArcToolbox\Toolboxes\Data Management Tools.tbx\UnregisterAsVersioned" Date="20140122" Time="092344">UnregisterAsVersioned GISREGIO.URAU_2011_RG NO_KEEP_EDIT NO_COMPRESS_DEFAULT</Process><Process ToolSource="c:\program files (x86)\arcgis\desktop10.1\ArcToolbox\Toolboxes\Data Management Tools.tbx\CalculateField" Date="20140919" Time="154339">CalculateField URAU_2011_RG tmp Left( [URAU_CODE_2011],5 ) VB #</Process><Process ToolSource="c:\program files (x86)\arcgis\desktop10.1\ArcToolbox\Toolboxes\Data Management Tools.tbx\CalculateField" Date="20140922" Time="092238">CalculateField URAU_2011_RG CNTR_CODE Left( [URAU_CODE_2011],2 ) VB #</Process><Process ToolSource="c:\program files (x86)\arcgis\desktop10.1\ArcToolbox\Toolboxes\Data Management Tools.tbx\ChangePrivileges" Date="20140925" Time="093218">ChangePrivileges 'Database Connections\GISREGIO_DIGIT.sde\GISREGIO.COMM_AT_2011';'Database Connections\GISREGIO_DIGIT.sde\GISREGIO.GEOSTAT_GRD_AT';'Database Connections\GISREGIO_DIGIT.sde\GISREGIO.URAU_2011_AT';'Database Connections\GISREGIO_DIGIT.sde\GISREGIO.URAU_2011_PT_NEW';'Database Connections\GISREGIO_DIGIT.sde\GISREGIO.URAU_2011_RG' gisregioread GRANT AS_IS</Process><Process Name="Feature Class to Feature Class" ToolSource="c:\program files (x86)\arcgis\desktop10.1\ArcToolbox\Toolboxes\Conversion Tools.tbx\FeatureClassToFeatureClass" Date="20150420" Time="102705">FeatureClassToFeatureClass "Database Connections\sde-prd-gisregio.sde\GISREGIO.URAU_2011_RG" J:\data\urban_audit\CIRCABC\URAU_2012.gdb URAU_2012_RG_tmp # "URAU_ID "URAU_ID" true false false 10 Text 0 0 ,First,#,Database Connections\GISREGIO_DIGIT.sde\GISREGIO.URAU_2011_RG,URAU_CODE_2011,-1,-1" #</Process><Process Name="Join Field" ToolSource="c:\program files (x86)\arcgis\desktop10.1\ArcToolbox\Toolboxes\Data Management Tools.tbx\JoinField" Date="20150420" Time="102824">JoinField J:\data\urban_audit\CIRCABC\URAU_2012.gdb\URAU_2012_RG_tmp URAU_ID "Database Connections\sde-prd-gisregio.sde\GISREGIO.URAU_2011_AT" URAU_CODE_2011 URAU_NAME_2011;CNTR_CODE;URAU_CATG;CAPITAL_CITY;CITY_IN_KERNEL;URAU_NAME_NLAT;URBAN_CNTRE_SIZE;URBAN_CNTRE_SIZE_SRC;ADMIN_GRD_POPL;ADMIN_GRD_POPL_SRC;NOTES;NUTS3_2010_ID;NUTS3_2006_ID;LUZ_CODE;PORT_CITY;AREA_SQM;MAIN_URBAN_CNTRE_GEOSTAT06;MBRS_CODE</Process><Process Name="Feature Class to Feature Class (2)" ToolSource="c:\program files (x86)\arcgis\desktop10.1\ArcToolbox\Toolboxes\Conversion Tools.tbx\FeatureClassToFeatureClass" Date="20150420" Time="102854">FeatureClassToFeatureClass J:\data\urban_audit\CIRCABC\URAU_2012.gdb\URAU_2012_RG_tmp J:\data\urban_audit\CIRCABC\URAU_2012.gdb URAU_2012_RG # "URAU_ID "URAU_ID" true false false 10 Text 0 0 ,First,#,J:\data\urban_audit\CIRCABC\URAU_2012.gdb\URAU_2012\URAU_2012_RG_tmp,URAU_ID,-1,-1;URAU_NAME "URAU_NAME" true true false 50 Text 0 0 ,First,#,J:\data\urban_audit\CIRCABC\URAU_2012.gdb\URAU_2012\URAU_2012_RG_tmp,URAU_NAME_2011,-1,-1;CNTR_CODE "CNTR_CODE" true true false 2 Text 0 0 ,First,#,J:\data\urban_audit\CIRCABC\URAU_2012.gdb\URAU_2012\URAU_2012_RG_tmp,CNTR_CODE,-1,-1;URAU_CATG "URAU_CATG" true true false 16 Text 0 0 ,First,#,J:\data\urban_audit\CIRCABC\URAU_2012.gdb\URAU_2012\URAU_2012_RG_tmp,URAU_CATG,-1,-1;CAPT "CAPT" true true false 1 Text 0 0 ,First,#,J:\data\urban_audit\CIRCABC\URAU_2012.gdb\URAU_2012\URAU_2012_RG_tmp,CAPITAL_CITY,-1,-1;GRCITY_CODE "GRCITY_CODE" true true false 10 Text 0 0 ,First,#,J:\data\urban_audit\CIRCABC\URAU_2012.gdb\URAU_2012\URAU_2012_RG_tmp,CITY_IN_KERNEL,-1,-1;URBC_POPL "URBC_POPL" true true false 4 Long 0 10 ,First,#,J:\data\urban_audit\CIRCABC\URAU_2012.gdb\URAU_2012\URAU_2012_RG_tmp,URBAN_CNTRE_SIZE,-1,-1;URBC_P_SCR "URBC_P_SCR" true true false 20 Text 0 0 ,First,#,J:\data\urban_audit\CIRCABC\URAU_2012.gdb\URAU_2012\URAU_2012_RG_tmp,URBAN_CNTRE_SIZE_SRC,-1,-1;URAU_POPL "URAU_POPL" true true false 4 Long 0 10 ,First,#,J:\data\urban_audit\CIRCABC\URAU_2012.gdb\URAU_2012\URAU_2012_RG_tmp,ADMIN_GRD_POPL,-1,-1;URAU_P_SRC "URAU_P_SRC" true true false 20 Text 0 0 ,First,#,J:\data\urban_audit\CIRCABC\URAU_2012.gdb\URAU_2012\URAU_2012_RG_tmp,ADMIN_GRD_POPL_SRC,-1,-1;NUTS3_2010 "NUTS3_2010" true true false 5 Text 0 0 ,First,#,J:\data\urban_audit\CIRCABC\URAU_2012.gdb\URAU_2012\URAU_2012_RG_tmp,NUTS3_2010_ID,-1,-1;NUTS3_2006 "NUTS3_2006" true true false 5 Text 0 0 ,First,#,J:\data\urban_audit\CIRCABC\URAU_2012.gdb\URAU_2012\URAU_2012_RG_tmp,NUTS3_2006_ID,-1,-1;FUA_CODE "FUA_CODE" true true false 50 Text 0 0 ,First,#,J:\data\urban_audit\CIRCABC\URAU_2012.gdb\URAU_2012\URAU_2012_RG_tmp,LUZ_CODE,-1,-1;PORT "PORT" true true false 1 Text 0 0 ,First,#,J:\data\urban_audit\CIRCABC\URAU_2012.gdb\URAU_2012\URAU_2012_RG_tmp,PORT_CITY,-1,-1;AREA_SQK "AREA_SQK" true true false 8 Double 8 38 ,First,#,J:\data\urban_audit\CIRCABC\URAU_2012.gdb\URAU_2012\URAU_2012_RG_tmp,AREA_SQM,-1,-1;URBC_CODE "URBC_CODE" true true false 15 Text 0 0 ,First,#,J:\data\urban_audit\CIRCABC\URAU_2012.gdb\URAU_2012\URAU_2012_RG_tmp,MAIN_URBAN_CNTRE_GEOSTAT06,-1,-1" #</Process><Process Name="Calculate Field" ToolSource="c:\program files (x86)\arcgis\desktop10.1\ArcToolbox\Toolboxes\Data Management Tools.tbx\CalculateField" Date="20150420" Time="102905">CalculateField J:\data\urban_audit\CIRCABC\URAU_2012.gdb\URAU_2012_RG AREA_SQK "[AREA_SQK] / 1000000" VB #</Process><Process Name="Feature Class to Feature Class (3)" ToolSource="c:\program files (x86)\arcgis\desktop10.1\ArcToolbox\Toolboxes\Conversion Tools.tbx\FeatureClassToFeatureClass" Date="20150420" Time="102926">FeatureClassToFeatureClass J:\data\urban_audit\CIRCABC\URAU_2012.gdb\URAU_2012_RG J:\data\urban_audit\CIRCABC URAU_2012_RG.shp # "URAU_ID "URAU_ID" true false false 10 Text 0 0 ,First,#,J:\data\urban_audit\CIRCABC\URAU_2012.gdb\URAU_2012_RG,URAU_ID,-1,-1;URAU_NAME "URAU_NAME" true true false 50 Text 0 0 ,First,#,J:\data\urban_audit\CIRCABC\URAU_2012.gdb\URAU_2012_RG,URAU_NAME,-1,-1;CNTR_CODE "CNTR_CODE" true true false 2 Text 0 0 ,First,#,J:\data\urban_audit\CIRCABC\URAU_2012.gdb\URAU_2012_RG,CNTR_CODE,-1,-1;URAU_CATG "URAU_CATG" true true false 16 Text 0 0 ,First,#,J:\data\urban_audit\CIRCABC\URAU_2012.gdb\URAU_2012_RG,URAU_CATG,-1,-1;CAPT "CAPT" true true false 1 Text 0 0 ,First,#,J:\data\urban_audit\CIRCABC\URAU_2012.gdb\URAU_2012_RG,CAPT,-1,-1;GRCITY_COD "GRCITY_CODE" true true false 10 Text 0 0 ,First,#,J:\data\urban_audit\CIRCABC\URAU_2012.gdb\URAU_2012_RG,GRCITY_CODE,-1,-1;URBC_POPL "URBC_POPL" true true false 4 Long 0 10 ,First,#,J:\data\urban_audit\CIRCABC\URAU_2012.gdb\URAU_2012_RG,URBC_POPL,-1,-1;URBC_P_SCR "URBC_P_SCR" true true false 20 Text 0 0 ,First,#,J:\data\urban_audit\CIRCABC\URAU_2012.gdb\URAU_2012_RG,URBC_P_SCR,-1,-1;URAU_POPL "URAU_POPL" true true false 4 Long 0 10 ,First,#,J:\data\urban_audit\CIRCABC\URAU_2012.gdb\URAU_2012_RG,URAU_POPL,-1,-1;URAU_P_SRC "URAU_P_SRC" true true false 20 Text 0 0 ,First,#,J:\data\urban_audit\CIRCABC\URAU_2012.gdb\URAU_2012_RG,URAU_P_SRC,-1,-1;NUTS3_2010 "NUTS3_2010" true true false 5 Text 0 0 ,First,#,J:\data\urban_audit\CIRCABC\URAU_2012.gdb\URAU_2012_RG,NUTS3_2010,-1,-1;NUTS3_2006 "NUTS3_2006" true true false 5 Text 0 0 ,First,#,J:\data\urban_audit\CIRCABC\URAU_2012.gdb\URAU_2012_RG,NUTS3_2006,-1,-1;FUA_CODE "FUA_CODE" true true false 50 Text 0 0 ,First,#,J:\data\urban_audit\CIRCABC\URAU_2012.gdb\URAU_2012_RG,FUA_CODE,-1,-1;PORT "PORT" true true false 1 Text 0 0 ,First,#,J:\data\urban_audit\CIRCABC\URAU_2012.gdb\URAU_2012_RG,PORT,-1,-1;AREA_SQK "AREA_SQK" true true false 8 Double 8 38 ,First,#,J:\data\urban_audit\CIRCABC\URAU_2012.gdb\URAU_2012_RG,AREA_SQK,-1,-1;URBC_CODE "URBC_CODE" true true false 15 Text 0 0 ,First,#,J:\data\urban_audit\CIRCABC\URAU_2012.gdb\URAU_2012_RG,URBC_CODE,-1,-1" #</Process></lineage><itemProps><itemLocation><linkage Sync="TRUE">file://\\s-regio-fs-p\GisData\data\urban_audit\CIRCABC\URAU_2012_RG.shp</linkage><protocol Sync="TRUE">Local Area Network</protocol></itemLocation><itemName Sync="TRUE">URAU_2012_RG</itemName><nativeExtBox><westBL Sync="TRUE">-61.119095</westBL><eastBL Sync="TRUE">55.646263</eastBL><southBL Sync="TRUE">-21.015121</southBL><northBL Sync="TRUE">70.311112</northBL><exTypeCode Sync="TRUE">1</exTypeCode></nativeExtBox><imsContentType Sync="TRUE">002</imsContentType><itemSize Sync="TRUE">0.000</itemSize></itemProps><coordRef><type Sync="TRUE">Geographic</type><geogcsn Sync="TRUE">GCS_ETRS_1989</geogcsn><csUnits Sync="TRUE">Angular Unit: Degree (0.017453)</csUnits><peXml Sync="TRUE">&lt;GeographicCoordinateSystem xsi:type='typens:GeographicCoordinateSystem' xmlns:xsi='http://www.w3.org/2001/XMLSchema-instance' xmlns:xs='http://www.w3.org/2001/XMLSchema' xmlns:typens='http://www.esri.com/schemas/ArcGIS/10.1'&gt;&lt;WKT&gt;GEOGCS[&amp;quot;GCS_ETRS_1989&amp;quot;,DATUM[&amp;quot;D_ETRS_1989&amp;quot;,SPHEROID[&amp;quot;GRS_1980&amp;quot;,6378137.0,298.257222101]],PRIMEM[&amp;quot;Greenwich&amp;quot;,0.0],UNIT[&amp;quot;Degree&amp;quot;,0.0174532925199433],AUTHORITY[&amp;quot;EPSG&amp;quot;,4258]]&lt;/WKT&gt;&lt;XOrigin&gt;-400&lt;/XOrigin&gt;&lt;YOrigin&gt;-400&lt;/YOrigin&gt;&lt;XYScale&gt;11258999068426.238&lt;/XYScale&gt;&lt;ZOrigin&gt;-100000&lt;/ZOrigin&gt;&lt;ZScale&gt;10000&lt;/ZScale&gt;&lt;MOrigin&gt;-100000&lt;/MOrigin&gt;&lt;MScale&gt;10000&lt;/MScale&gt;&lt;XYTolerance&gt;8.9831528411952133e-009&lt;/XYTolerance&gt;&lt;ZTolerance&gt;0.001&lt;/ZTolerance&gt;&lt;MTolerance&gt;0.001&lt;/MTolerance&gt;&lt;HighPrecision&gt;true&lt;/HighPrecision&gt;&lt;LeftLongitude&gt;-180&lt;/LeftLongitude&gt;&lt;WKID&gt;4258&lt;/WKID&gt;&lt;LatestWKID&gt;4258&lt;/LatestWKID&gt;&lt;/GeographicCoordinateSystem&gt;</peXml></coordRef></DataProperties><ModDate>20150420</ModDate><ModTime>10292000</ModTime><ArcGISProfile>ItemDescription</ArcGISProfile><SyncDate>20150420</SyncDate><SyncTime>10292000</SyncTime></Esri><mdLang><languageCode value="eng"/><countryCode value="GBR" Sync="TRUE"></countryCode></mdLang><mdChar><CharSetCd value="004"/></mdChar><mdHrLv><ScopeCd value="005"/></mdHrLv><mdDateSt Sync="TRUE">20150420</mdDateSt><mdStanName>ArcGIS Metadata</mdStanName><mdStanVer>1.0</mdStanVer><dataIdInfo><idCitation><resTitle Sync="TRUE">URAU_2012_RG</resTitle><presForm><PresFormCd value="005"/></presForm><presForm><fgdcGeoform>vector digital data</fgdcGeoform></presForm></idCitation><idAbs>This dataset contains the polygons of the cities, greater cities and larger urban zones as defined for the Urban Audit 2012.</idAbs><idPurp>The boundaries contained in this dataset can be used for analysis of areas defined in the Urban Audit 2012 and to produce thematic maps related to the cities.</idPurp><spatRpType><SpatRepTypCd value="001"/></spatRpType><dataLang><languageCode value="eng"/><countryCode value="GBR" Sync="TRUE"></countryCode></dataLang><envirDesc Sync="TRUE">Microsoft Windows 7 Version 6.1 (Build 7601) Service Pack 1; Esri ArcGIS 10.1.1.3300</envirDesc><dataExt><geoEle><GeoBndBox><westBL>-61.119095</westBL><eastBL>55.646263</eastBL><southBL>-21.015121</southBL><northBL>70.311112</northBL></GeoBndBox></geoEle></dataExt><dataExt><geoEle><GeoBndBox esriExtentType="search"><exTypeCode Sync="TRUE">1</exTypeCode><westBL Sync="TRUE">-61.119095</westBL><eastBL Sync="TRUE">55.646263</eastBL><northBL Sync="TRUE">70.311112</northBL><southBL Sync="TRUE">-21.015121</southBL></GeoBndBox></geoEle></dataExt></dataIdInfo><spatRepInfo><VectSpatRep><geometObjs Name="URAU_2012_RG"><geoObjTyp><GeoObjTypCd value="002" Sync="TRUE"></GeoObjTypCd></geoObjTyp><geoObjCnt Sync="TRUE">0</geoObjCnt></geometObjs><topLvl><TopoLevCd value="001" Sync="TRUE"></TopoLevCd></topLvl></VectSpatRep></spatRepInfo><eainfo><detailed Name="URAU_2012_RG"><enttyp><enttypl Sync="TRUE">URAU_2012_RG</enttypl><enttypt Sync="TRUE">Feature Class</enttypt><enttypc Sync="TRUE">0</enttypc></enttyp><attr><attrlabl Sync="TRUE">FID</attrlabl><attalias Sync="TRUE">FID</attalias><attrtype Sync="TRUE">OID</attrtype><attwidth Sync="TRUE">4</attwidth><atprecis Sync="TRUE">0</atprecis><attscale Sync="TRUE">0</attscale><attrdef Sync="TRUE">Internal feature number.</attrdef><attrdefs Sync="TRUE">Esri</attrdefs><attrdomv><udom Sync="TRUE">Sequential unique whole numbers that are automatically generated.</udom></attrdomv></attr><attr><attrlabl>URAU_ID</attrlabl><attrdef>The unique identifier of the URAU entity</attrdef><attalias Sync="TRUE">URAU_ID</attalias><attrtype Sync="TRUE">String</attrtype><attwidth Sync="TRUE">10</attwidth><atprecis Sync="TRUE">0</atprecis><attscale Sync="TRUE">0</attscale></attr><attr><attrlabl>URAU_P_SRC</attrlabl><attrdef>Source of population figures for the URAU entity</attrdef><attalias Sync="TRUE">URAU_P_SRC</attalias><attrtype Sync="TRUE">String</attrtype><attwidth Sync="TRUE">20</attwidth><atprecis Sync="TRUE">0</atprecis><attscale Sync="TRUE">0</attscale></attr><attr><attrlabl>NUTS3_2010</attrlabl><attrdef>The code of the Local Administrative Unit's NUTS3 version 2010</attrdef><attalias Sync="TRUE">NUTS3_2010</attalias><attrtype Sync="TRUE">String</attrtype><attwidth Sync="TRUE">5</attwidth><atprecis Sync="TRUE">0</atprecis><attscale Sync="TRUE">0</attscale></attr><attr><attrlabl>URBC_P_SCR</attrlabl><attrdef>Source of population figures for the Urban Centre</attrdef><attalias Sync="TRUE">URBC_P_SCR</attalias><attrtype Sync="TRUE">String</attrtype><attwidth Sync="TRUE">20</attwidth><atprecis Sync="TRUE">0</atprecis><attscale Sync="TRUE">0</attscale></attr><attr><attrlabl>URBC_POPL</attrlabl><attrdef>Population of the Urban Centre</attrdef><attalias Sync="TRUE">URBC_POPL</attalias><attrtype Sync="TRUE">Double</attrtype><attwidth Sync="TRUE">10</attwidth><atprecis Sync="TRUE">10</atprecis><attscale Sync="TRUE">0</attscale></attr><attr><attrlabl>CAPT</attrlabl><attrdef>Y = The entity is a capital N = The entity is not a capital</attrdef><attalias Sync="TRUE">CAPT</attalias><attrtype Sync="TRUE">String</attrtype><attwidth Sync="TRUE">1</attwidth><atprecis Sync="TRUE">0</atprecis><attscale Sync="TRUE">0</attscale></attr><attr><attrlabl Sync="TRUE">GRCITY_COD</attrlabl><attalias Sync="TRUE">GRCITY_COD</attalias><attrtype Sync="TRUE">String</attrtype><attwidth Sync="TRUE">10</attwidth><atprecis Sync="TRUE">0</atprecis><attscale Sync="TRUE">0</attscale></attr><attr><attrlabl>URBC_CODE</attrlabl><attrdef>The code of the Urban Centre</attrdef><attalias Sync="TRUE">URBC_CODE</attalias><attrtype Sync="TRUE">String</attrtype><attwidth Sync="TRUE">15</attwidth><atprecis Sync="TRUE">0</atprecis><attscale Sync="TRUE">0</attscale></attr><attr><attrlabl>AREA_SQK</attrlabl><attrdef>The area of the Local Administrative Unit in square kilometers into ETRS89 LAEA projection</attrdef><attalias Sync="TRUE">AREA_SQK</attalias><attrtype Sync="TRUE">Double</attrtype><attwidth Sync="TRUE">19</attwidth><atprecis Sync="TRUE">18</atprecis><attscale Sync="TRUE">8</attscale></attr><attr><attrlabl>NUTS3_2006</attrlabl><attrdef>The code of the Local Administrative Unit's NUTS3 version 2006</attrdef><attalias Sync="TRUE">NUTS3_2006</attalias><attrtype Sync="TRUE">String</attrtype><attwidth Sync="TRUE">5</attwidth><atprecis Sync="TRUE">0</atprecis><attscale Sync="TRUE">0</attscale></attr><attr><attrlabl>FUA_CODE</attrlabl><attrdef>If the city or the Greater City is part of a FUA, it is the code of this FUA</attrdef><attalias Sync="TRUE">FUA_CODE</attalias><attrtype Sync="TRUE">String</attrtype><attwidth Sync="TRUE">50</attwidth><atprecis Sync="TRUE">0</atprecis><attscale Sync="TRUE">0</attscale></attr><attr><attrlabl>CNTR_CODE</attrlabl><attrdef>The ISO code of the country</attrdef><attalias Sync="TRUE">CNTR_CODE</attalias><attrtype Sync="TRUE">String</attrtype><attwidth Sync="TRUE">2</attwidth><atprecis Sync="TRUE">0</atprecis><attscale Sync="TRUE">0</attscale></attr><attr><attrlabl>URAU_POPL</attrlabl><attrdef>Population of the URAU entity</attrdef><attalias Sync="TRUE">URAU_POPL</attalias><attrtype Sync="TRUE">Double</attrtype><attwidth Sync="TRUE">10</attwidth><atprecis Sync="TRUE">10</atprecis><attscale Sync="TRUE">0</attscale></attr><attr><attrlabl>URAU_NAME</attrlabl><attrdef>The name of the URAU entity</attrdef><attalias Sync="TRUE">URAU_NAME</attalias><attrtype Sync="TRUE">String</attrtype><attwidth Sync="TRUE">50</attwidth><atprecis Sync="TRUE">0</atprecis><attscale Sync="TRUE">0</attscale></attr><attr><attrlabl>SHAPE</attrlabl><attrdef>Feature geometry.</attrdef><attrdefs>ESRI</attrdefs><attrdomv><udom>Coordinates defining the features.</udom></attrdomv><attalias Sync="TRUE">Shape</attalias><attrtype Sync="TRUE">Geometry</attrtype><attwidth Sync="TRUE">0</attwidth><atprecis Sync="TRUE">0</atprecis><attscale Sync="TRUE">0</attscale></attr><attr><attrlabl>URAU_CATG</attrlabl><attrdef>There are 3 categories of URAU entity: the city (the core City, using an administrative definition), the Greater City (aconcept introduced to improve comparability between large cities) and the FUA (approximating the functional urban area)</attrdef><attalias Sync="TRUE">URAU_CATG</attalias><attrtype Sync="TRUE">String</attrtype><attwidth Sync="TRUE">16</attwidth><atprecis Sync="TRUE">0</atprecis><attscale Sync="TRUE">0</attscale></attr><attr><attrlabl>PORT</attrlabl><attrdef>Y = The entity is a port N = The entity is not a port</attrdef><attalias Sync="TRUE">PORT</attalias><attrtype Sync="TRUE">String</attrtype><attwidth Sync="TRUE">1</attwidth><atprecis Sync="TRUE">0</atprecis><attscale Sync="TRUE">0</attscale></attr></detailed></eainfo><distInfo><distFormat><formatName Sync="TRUE">Shapefile</formatName></distFormat><distTranOps><transSize Sync="TRUE">0.000</transSize></distTranOps></distInfo><mdHrLvName Sync="TRUE">dataset</mdHrLvName><refSysInfo><RefSystem><refSysID><identCode code="4258" Sync="TRUE"></identCode><idCodeSpace Sync="TRUE">EPSG</idCodeSpace><idVersion Sync="TRUE">7.11.2</idVersion></refSysID></RefSystem></refSysInfo><spdoinfo><ptvctinf><esriterm Name="URAU_2012_RG"><efeatyp Sync="TRUE">Simple</efeatyp><efeageom code="4" Sync="TRUE"></efeageom><esritopo Sync="TRUE">FALSE</esritopo><efeacnt Sync="TRUE">0</efeacnt><spindex Sync="TRUE">FALSE</spindex><linrefer Sync="TRUE">FALSE</linrefer></esriterm></ptvctinf></spdoinfo></metadata>
